query_tx_hash,sender_address,receiver_address
0x57cc61856ac84c41d88ce97073ba5f376088cc6e4f201549c66b39f0954bfa3c,Unavailable,0X57CC61856AC84C41D88CE97073BA5F376088CC6E4F201549C66B39F0954BFA3C
0x5cb65db022e327e97708e7c224e40f9a9c48cf4fc8709135d43707355c75612a,0XB710E7B65B7B28C4204644E07EC7AF31C7BF41CD6659075C780E53FCF8991A3D,0X5CB65DB022E327E97708E7C224E40F9A9C48CF4FC8709135D43707355C75612A
0x99a81924ff422d67ea24ed43e4f5d0c1daf5331cc7558c7499afe7ef374c6e44,0XD7FAA8DE8A014AD42B2BA60B4727034C65006EB1B49E6B452902C306EBEC4887,0X99A81924FF422D67EA24ED43E4F5D0C1DAF5331CC7558C7499AFE7EF374C6E44
0x51caf98d4dc2dffae696ffd1aed05a6e3486c7c6f8f525c847871c52d8168a73,0X427A2F9A1BA2F89CDC60055EEE93EB790A320179D5DCC772EB36A1C6049F22C6,0X51CAF98D4DC2DFFAE696FFD1AED05A6E3486C7C6F8F525C847871C52D8168A73
0x00bbcd4a7ff063310b75ccf32f3a58ffdf0612c020279e3b9988cec616db5b8f,Unavailable,0X00BBCD4A7FF063310B75CCF32F3A58FFDF0612C020279E3B9988CEC616DB5B8F
0xf6abd80bdddad9ed3a24d6bd34a277140d69352b2787e554b8fa87fe04e34b8d,Unavailable,0XF6ABD80BDDDAD9ED3A24D6BD34A277140D69352B2787E554B8FA87FE04E34B8D
0xc55b84bbdac7f976f95e347dea0cea6f577eeea4c8806743cea4dd4486752e0b,0X92EC9F40562FD5E9DC6CB0573F5F4F1A857BEEA0E1B9C0967064FD9C0C580976,0XC55B84BBDAC7F976F95E347DEA0CEA6F577EEEA4C8806743CEA4DD4486752E0B
0x6199be6d559be3fb54647b55aef75e00480ab8b28c42f1c9200fd90c9847711c,0XC2CCBF6BA899D142A7EE52310600C360931023D0057C9D0AE204FC16CF106319,0X6199BE6D559BE3FB54647B55AEF75E00480AB8B28C42F1C9200FD90C9847711C
0x314fe07672506d0431a2deed9c07817717a3a51108e578790ec3d822db91e589,0XD2376E67465E90626CEA5F7DCC9ADEED42D45C458C980B717FFE982BC9110A80,0X314FE07672506D0431A2DEED9C07817717A3A51108E578790EC3D822DB91E589
0x6c15b2a8efa7e02ec9904bc40a8ec221f4f0538af99fc1cd76d8743315724691,0X943F596FF211DBA7B552B68D014399A9D59DCC1E6AEFD61B9E7919B7F5E865D7,0X6C15B2A8EFA7E02EC9904BC40A8EC221F4F0538AF99FC1CD76D8743315724691
0x63a147328c5c685f3fe6f373d2d4a650d5e24348ad868ffac8a983b17d340e6d,0XB23A5BB28BA295D663B839B7567B1729CCBD56EE8AC730086B7AEF8EFB8FC095,0X63A147328C5C685F3FE6F373D2D4A650D5E24348AD868FFAC8A983B17D340E6D
0xe361313b867d734c19838ef1c7d9359c2aed0aa7ee3386e4012986b99b344303,0X2589B66D90A650C4F82B198BA16D9BF8FD5004D0BAC6996F470F38FE3D2AC823,0XE361313B867D734C19838EF1C7D9359C2AED0AA7EE3386E4012986B99B344303
0x5285e19239a14a4f80a923719b8c5d70ec7e71266b04d10403e0c5e54d08f9b3,Unavailable,0X5285E19239A14A4F80A923719B8C5D70EC7E71266B04D10403E0C5E54D08F9B3
0xcdd5d67d82dd65ffac97e9de5ff53ba29aadfb0b13d0abf0c04c1587889b4a9a,2ykkDSYViLTx3vqDG1brp6coHtQ73iYQdcRCwohn...oJ4L1i1yhMuahRjzufTEZBuNe18Cieaaym4TZaNg,0XCDD5D67D82DD65FFAC97E9DE5FF53BA29AADFB0B13D0ABF0C04C1587889B4A9A
0x9ed3ecc0e1d718472e9f811170af86f455ba1259bd9c370319e8bdd152746bbf,0X47C9A84A45928CA33F1FB8B13B51374B1BB3D9B1BDA0F5790DA01F08B44A0182,0X9ED3ECC0E1D718472E9F811170AF86F455BA1259BD9C370319E8BDD152746BBF
0x25256d591eddd82b9f2efc3c8be60dd385f4e29a9bbbc6a134cbf203c08403f1,0X5AAF2A528AEBF324924E390E359B87AF2D83FFCCE4C4DA08140042398D2A2010,0X25256D591EDDD82B9F2EFC3C8BE60DD385F4E29A9BBBC6A134CBF203C08403F1
0xdda82e834cfe8cf1674931bcb5dc78afa03970204cca25c8497bce209b51cc77,Unavailable,0XDDA82E834CFE8CF1674931BCB5DC78AFA03970204CCA25C8497BCE209B51CC77
0xb227b61f4c66b691aa2c15ec9f68ce45a634dba89e6c1230594d3b132fc17d29,Unavailable,0XB227B61F4C66B691AA2C15EC9F68CE45A634DBA89E6C1230594D3B132FC17D29
0x8e5a57db157fe0df3865a366b1ef5e9ad557f1e17cb05429fdfd13a1623c7acb,0X2E0939257C407693B3BB948B215044B0A73A6B6ECD85305162ABCA7E5E4B52D5,0X8E5A57DB157FE0DF3865A366B1EF5E9AD557F1E17CB05429FDFD13A1623C7ACB
0x09154d3ffe0bb2ded9fce889aa08d6a8a7e9c906c7b3924eb8232f1a00a96783,Unavailable,0X09154D3FFE0BB2DED9FCE889AA08D6A8A7E9C906C7B3924EB8232F1A00A96783
0xd55fdf1a59b20c0b3715ec01f342bbed3853a3858896607af25037692999124b,Unavailable,0XD55FDF1A59B20C0B3715EC01F342BBED3853A3858896607AF25037692999124B
0x634b096d599d933d918a9e73c8a68e50a72785939b46dd4672ed8aa79a229720,0X40C2E3CA194CE9F70E37713C73EF027B1841D492408E6A83A06B66111895E515,0X634B096D599D933D918A9E73C8A68E50A72785939B46DD4672ED8AA79A229720
0x3e215d0f9b99f123763dc75dfc09ae585c9134e726fbe55a323d2dfe806d4938,0X5D48531E90E60937BA519B885B80E186646462B83A5EEF31E145EFDF0499EA74,0X3E215D0F9B99F123763DC75DFC09AE585C9134E726FBE55A323D2DFE806D4938
0x916cdec1d2e62d91b5f5a69a13f19ac4ca642a36814506f8e63c293d1ba36427,0X58EE6299482907A81634A52C804A09B6EE8C63F1368128D168BAB06ACA24D4A5,0X916CDEC1D2E62D91B5F5A69A13F19AC4CA642A36814506F8E63C293D1BA36427
0x005e8c31aea11b5e4ed54f7c502f85b1dd92be8bf12e9f14fb57e45f91210679,7GBF434COCHZGDKYCY1K2MPQ35NW7EJ7S5XQRHGPJ8AZ,0X005E8C31AEA11B5E4ED54F7C502F85B1DD92BE8BF12E9F14FB57E45F91210679
0x9964f37e6c4ccf0a94dcdd9c106baab3ef8fd6de566be5f285bd85a39c2d82f1,0XCD300D0C505B87B08EF084FDB28F24C14A78C5501283CB712B86710792C2A8B8,0X9964F37E6C4CCF0A94DCDD9C106BAAB3EF8FD6DE566BE5F285BD85A39C2D82F1
0xd2078fef96994410fe293fce4b89188d24b95527fcd34da7352ae1e6c9226044,0X3693D92DB5B5042CA0DDB73D05FCA06750BDDD0B0F60322C7001FFDA0D334916,0XD2078FEF96994410FE293FCE4B89188D24B95527FCD34DA7352AE1E6C9226044
0x021138c7c3fb654fe3f4da0b9817496d9924e6db34bee964352786aa4a82ed25,4B82E0F5DE0BCA1750C08503B4EE1E0448B718C52DF6CF0318800EB0BEE04024,0X021138C7C3FB654FE3F4DA0B9817496D9924E6DB34BEE964352786AA4A82ED25
0x9479e58b40c2b25541bfd29eeafaea7ee895396a50b258034fb0b5d7411886df,Unavailable,0X9479E58B40C2B25541BFD29EEAFAEA7EE895396A50B258034FB0B5D7411886DF
0x38badfde239af37aba6fbc4e7f9e14c8443553be9e61fe8a3f31d4df4c284438,Unavailable,0X38BADFDE239AF37ABA6FBC4E7F9E14C8443553BE9E61FE8A3F31D4DF4C284438
0xf6087f6b9ba7e4ca9f9a5fec40bc822045fc78104a39030f2468c0b72fde2876,0X7F828B4263380D4765FA4A7FE6605BFDDDAB7D42B848A1166E0CC63CD2B47370,0XF6087F6B9BA7E4CA9F9A5FEC40BC822045FC78104A39030F2468C0B72FDE2876
0x5c81795e61e4b5f1185781577a8901bc379dc404b459e6274363c48f87f4dcf7,0X01615BAE9E0DEB274C15F1278F42669A78722AB85FCAD5ADE086FFD87F72AADB,0X5C81795E61E4B5F1185781577A8901BC379DC404B459E6274363C48F87F4DCF7
