query_tx_hash,sender_address,receiver_address
0xc1cba26298363c28cb07ef95a0e9166013297d81d538768aaeae2c4e01f861c2,Unavailable,0XC1CBA26298363C28CB07EF95A0E9166013297D81D538768AAEAE2C4E01F861C2
0xc1f2e69b125b4cf16655d4dfeee487c05ab0b49b98d54ac33bb2f647237e615a,0XBBA93E2ACF26BE9BB782ED9977036B5D06E42082EDABAA8C26F864FEBF45C326,Unavailable
0xb24a99f801b248a60ecffd93b882a065e8ac206894964f0c8b6c7ec8f075bda8,0X2606BD3D75249A22EC08B8B108C7CCD97A0E85DABD112092D177A8530DF83DC8,0XB24A99F801B248A60ECFFD93B882A065E8AC206894964F0C8B6C7EC8F075BDA8
0x4df7b683c150e37f9f3ea38619e8d3b2011fd219a1c95ef437ded565268841e6,0XC52D0683A7595D38B1CD8FE9AFD6D5DC209794A0C2DE94AB44320ACBB10C20B7,0X4DF7B683C150E37F9F3EA38619E8D3B2011FD219A1C95EF437DED565268841E6
0xe7670fb14041acfb4302a6bd8fb438c8e9a77d5d3dc756c2b2a1476372750670,0XAF293983CAECABF9768786C6E0308EDD1C9A4C0B452D7B64ACBD79814755FADE,0XE7670FB14041ACFB4302A6BD8FB438C8E9A77D5D3DC756C2B2A1476372750670
0x22e0a75ddd01a0185b255e3f6b9e9ee09d7c0e92202c2745fe83a880db34dc42,0XAC4DF69731344826A854ACBAB12EC98C515A4E27EBC82A54980AF1AA7B6BF073,0X22E0A75DDD01A0185B255E3F6B9E9EE09D7C0E92202C2745FE83A880DB34DC42
0xa18ab917335c2a5b30cbbba84a8d0d0b1b196129f5a8148613262e1ffe95a902,0XC8D30339AB70C9D3EBFB9C92A89B26A58CA0FC4E7C00571703B0F936E3DAE566,0XA18AB917335C2A5B30CBBBA84A8D0D0B1B196129F5A8148613262E1FFE95A902
0x65904149d273e93d22d12f944dee712ecf4e9068dd8da542152276d0088fdc06,0XE50B9EFA2494EC158DA405E4D79FED81F3A7B97905CF34BDA9ECB06EB1CD4107,Unavailable
0x8e8d265a97c6586db7368f45836dc5b86d4a2ae323c64cf50fb8484f4d857d85,0X3F64762F11725267BEB316137565715E53A298CAB0184C9547F8339C409E6181,0X8E8D265A97C6586DB7368F45836DC5B86D4A2AE323C64CF50FB8484F4D857D85
0x488d1cb63b4955ef2ef5f6e571eaee5c6fbf2af55c4b86b39e68f4d4f0bf53bb,0XC47FD0348E46174EBC52A5AB151DDEA36CD3587940E1E6471FC0696D091F8928,0X488D1CB63B4955EF2EF5F6E571EAEE5C6FBF2AF55C4B86B39E68F4D4F0BF53BB
0xf5d5de431bc6361c5859cf9093c38f0eb78e727170716903a54c320def2456ad,Unavailable,0XF5D5DE431BC6361C5859CF9093C38F0EB78E727170716903A54C320DEF2456AD
0x2eb6fae1dd6496ee3711b15d13507756b252d308508a528a869248fc4a2b4c09,Unavailable,0X2EB6FAE1DD6496EE3711B15D13507756B252D308508A528A869248FC4A2B4C09
0x3f3b8ba61fec9bbaf65f4d525bd453eefef560993d900b4be480a2c9441afac1,0X2A4EFD9CF05B5438C9C9727185525083C189AB493C8D7C7F1EB87B0918072558,0X3F3B8BA61FEC9BBAF65F4D525BD453EEFEF560993D900B4BE480A2C9441AFAC1
0x24e309041b469f9193b69382839db85233054973f684635cbb0c577147817520,0X0E3CA50E599BAD6AC932F921DA8557770BF861928134B1D7066A300336084035,0X24E309041B469F9193B69382839DB85233054973F684635CBB0C577147817520
0xa26776ea97108cef35ac5748cfdbab1604b2e405ee39eb11694e8b9de5389c20,0XB0CECCDD8C8B97D6E78E2BF4BBF4B0EA231E2E68E69739BD17E6F8EAFFD47A57,0XA26776EA97108CEF35AC5748CFDBAB1604B2E405EE39EB11694E8B9DE5389C20
0xda434a6de8a8805b33681a938437fd30ac94ba6cde77f95df69ce0a76527d9ec,0X8C18D7051F7FE898D4736845820EDD3AD234AA24E8D5E72F5ADD3F29AF56286D,0XDA434A6DE8A8805B33681A938437FD30AC94BA6CDE77F95DF69CE0A76527D9EC
0x154084f76313f04d606bef159e8a295dac4bedd37b7d916faf6aaafe8fa7a4cb,0X6BA8335270ED8264282F4D6DF52A6AD95D1D96B7E146F6818806D1BFD828C672,0X154084F76313F04D606BEF159E8A295DAC4BEDD37B7D916FAF6AAAFE8FA7A4CB
0xc8aae285efa925d8eb93c9c4c59bc7b2511d2210afffd7c95c2bd6c61ce75cf5,Unavailable,0XC8AAE285EFA925D8EB93C9C4C59BC7B2511D2210AFFFD7C95C2BD6C61CE75CF5
0xe240403f0df634cdd2930c413391334832689a7651f3ec4e10a750bc5982e51d,0XD5EEFD8B8815A78E61748EC1C384F0188BD63A96952B66F5E6EFE21D4D13AC10,0XE240403F0DF634CDD2930C413391334832689A7651F3EC4E10A750BC5982E51D
0xaade41248f519ec579b55e5fe11469906f9e765dab9ced82309f2a03f0e6b77b,0X2CD2A03A2915178C4E288F85429A8ABE28D0B583A6DF16FFF1ED47F0A2A43618,0XAADE41248F519EC579B55E5FE11469906F9E765DAB9CED82309F2A03F0E6B77B
0xec0efa925f7a6f97491215ed758a8272b0f50ba38c0eb7639269fe9c2f60873b,0X2ED86E5F0CDAFBA44BB64E24A94288D14F7760AB86154BE2ED1BEE6EFFF52A48,0XEC0EFA925F7A6F97491215ED758A8272B0F50BA38C0EB7639269FE9C2F60873B
0x11856184703efbfeefc018d3cd9edaffb5b62f8d0020e97c0e7eadee9bc573d5,0X0A1860760E2021A32CCB22445EE685CE58E9359762CD647110C0D6D31D1FB8D2,0X11856184703EFBFEEFC018D3CD9EDAFFB5B62F8D0020E97C0E7EADEE9BC573D5
0x6fc04c113344a057c966b9989d0a9d58748915a14469b4c58f9ae7cd9965552b,Unavailable,0X6FC04C113344A057C966B9989D0A9D58748915A14469B4C58F9AE7CD9965552B
0x35216f429e6b3b774061b45cd01f019bc2151057a2760f7ae6dc415c9d7c5af0,0X37FD4DD31B4ADDC3EE75F44507551AB434211814C6EABA2AAA89F569304DDBAE,0X35216F429E6B3B774061B45CD01F019BC2151057A2760F7AE6DC415C9D7C5AF0
0xb675b13f8bc1ccefdebf4babc7550d0588308ecf10b465bc8000e9aeb467742d,Unavailable,0XB675B13F8BC1CCEFDEBF4BABC7550D0588308ECF10B465BC8000E9AEB467742D
0x8b5aed24fb52b0a210f6260f408a188039bdd2e852721d6909dfd12d1dfdcc23,Unavailable,0X8B5AED24FB52B0A210F6260F408A188039BDD2E852721D6909DFD12D1DFDCC23
0x0960674a9318305fa39b8135cf9a533c8986dd9ef78a2e3f85f83fb5bcd8a6c4,0XD63847805C5F2B89189A15DBC78D735696BDE284B4CDC77BAB8985F5DD762139,0X0960674A9318305FA39B8135CF9A533C8986DD9EF78A2E3F85F83FB5BCD8A6C4
0xb20133104f6ef63b60613e0520d691a99cb5b1fffeb39194a5d5fffd40b680f2,0X1FE54B4ADC48D0B57A13715D1C0DF5CF91BEF66ADC1AB21B66866A6909771632,0XB20133104F6EF63B60613E0520D691A99CB5B1FFFEB39194A5D5FFFD40B680F2
0xcd81645c078a0fc12fb284bb2cf875c964c90778787bc80cee007f7cc88ad3f3,0XE55AE384F00CFD809A08F05617B4CACBB83E9B27E95DC3304C35AB1ABA8A6A18,0XCD81645C078A0FC12FB284BB2CF875C964C90778787BC80CEE007F7CC88AD3F3
0xd5eb0564f6c5f29660d433eb10581bd020aa219028549bebdf5cb218732bb630,Unavailable,0XD5EB0564F6C5F29660D433EB10581BD020AA219028549BEBDF5CB218732BB630
0xb3783bdba293d6002178bc4f3fb73ce0458e689482d943ab41fd7a6f2efea572,Unavailable,0XB3783BDBA293D6002178BC4F3FB73CE0458E689482D943AB41FD7A6F2EFEA572
0xf3e0abba62c2c467fe752ff0600bac4159d9e1226fc776a38afcf492a009b4d6,34fGxFsMnGnu2Akertd9iEz5b4b1cJHjc3rjb622...yrEiEWmqrkHA3MpTy1QDk3haiW8LpSZRLDCTCe1Z,0XF3E0ABBA62C2C467FE752FF0600BAC4159D9E1226FC776A38AFCF492A009B4D6
0xadf34f501a3808ffe602f18fe626655d82f7d1afe48772630ec6d8d536de2364,0X18D00403DB9AA966A1CC8342B686453C5BD461171FA4C93B5B06D1FC98483C5F,0XADF34F501A3808FFE602F18FE626655D82F7D1AFE48772630EC6D8D536DE2364
0xddc5cfb67dd80f58954f49005ae6aded785f8f3e0be2d928945c9bf3b0e18399,0X874C8B844B969DD8A2DA7BC0AEB239C6FBD105BA0B241048EAB575866B9EF4E1,0XDDC5CFB67DD80F58954F49005AE6ADED785F8F3E0BE2D928945C9BF3B0E18399
0x8200b5ec3ccc8b82107f30ecb8520125d43657c7fbd4db6ed3d994143d66bea7,0XE6125DD53F3DB1DA61F8C32F01137D8C49EB7E26CA64BFD3D78FE074666BCBF8,0X8200B5EC3CCC8B82107F30ECB8520125D43657C7FBD4DB6ED3D994143D66BEA7
0xe5cb600ce579d84d6013f089e748f61b7914aa65e8dd220f48cccd812e189aec,Unavailable,0XE5CB600CE579D84D6013F089E748F61B7914AA65E8DD220F48CCCD812E189AEC
0xbd446eb8c46e716390fbf4837dbde200be6739459d17abbe4a0abcf47d9eba48,Unavailable,0XBD446EB8C46E716390FBF4837DBDE200BE6739459D17ABBE4A0ABCF47D9EBA48
0x718175868bbf99ca8337aa01ec7d965a8dc445cf29370c86b8507cafc7f6d969,0X7EC0DCFE5D50F3E51858DEFD9128CFED38258351E0047F5D8D38D07B23CDCAF8,0X718175868BBF99CA8337AA01EC7D965A8DC445CF29370C86B8507CAFC7F6D969
0xd3aa15d6096fc68de672f5b1fc2db652fbd588cbd7a51791a2b63e1ed2819402,Unavailable,0XD3AA15D6096FC68DE672F5B1FC2DB652FBD588CBD7A51791A2B63E1ED2819402
0xeb6f1283818dbc1ba70b9366b8f72e12de3bc9261fa043a716bfbf2357da6695,Unavailable,0XEB6F1283818DBC1BA70B9366B8F72E12DE3BC9261FA043A716BFBF2357DA6695
0xff0017afd117cb1848152ba105c9884b31bfaf1fc5f2ff064bae3ff324a1e80c,Unavailable,0XFF0017AFD117CB1848152BA105C9884B31BFAF1FC5F2FF064BAE3FF324A1E80C
0x0c8993cfb21bd4dd26b520ef9b4733330ca365ea10ffefc82a47843a6dccc557,Unavailable,0X0C8993CFB21BD4DD26B520EF9B4733330CA365EA10FFEFC82A47843A6DCCC557
0xd7675f34cc8fafd51eff4394d41a0d2cd432f89bbe11c9262ff5bcd4da1598a6,0XD0A509FD13FD2B782607455E31E5921E9D6CFC24C6D0791DE84A1ECC64C241CB,0XD7675F34CC8FAFD51EFF4394D41A0D2CD432F89BBE11C9262FF5BCD4DA1598A6
0xd82244419e65eb2f7668e9044b364dba159fb4c4e0825efc6748e6fb2f1c4bb8,Unavailable,0XD82244419E65EB2F7668E9044B364DBA159FB4C4E0825EFC6748E6FB2F1C4BB8
0xa5b2819e486f590bda65f7815f716c673c3918476c2bd7dc976303806ea6a66e,Unavailable,0XA5B2819E486F590BDA65F7815F716C673C3918476C2BD7DC976303806EA6A66E
0x9622163f15f22d4f7905864739b894778220c50542eac80afc32b95efd3e4746,443DC1152A760F85F82D1C4FECD4DE609F8C5CD614721A2C4F217264A6D4F58C,0X9622163F15F22D4F7905864739B894778220C50542EAC80AFC32B95EFD3E4746
0x1e883288fc5b4ce65eecdb72bfd971878d3518581e59683b6c051ca7433690a2,0XEB40E2C4316D2CBB87A6AA2067AE7D2773516C9728A66CF37772CF311CC97BFB,0X1E883288FC5B4CE65EECDB72BFD971878D3518581E59683B6C051CA7433690A2
0x484eb1cc01b411d862be97a0e0b6b9ad9d0b6206b70e038d9ed8ffac9f9da7a4,Unavailable,0X484EB1CC01B411D862BE97A0E0B6B9AD9D0B6206B70E038D9ED8FFAC9F9DA7A4
0x86a7956eca9e1e15e39a866401d78e270dc6e484267050e3f3b77cdee2c05238,0X355F88567EE59B9B57730B4CC318DB665EAE1CBC7765F482C6FA008A0E3E3DF3,0X86A7956ECA9E1E15E39A866401D78E270DC6E484267050E3F3B77CDEE2C05238
0xe369ed0c6e9bb2eaceb2790af59484f3adf14fd9ffe108fd794c4302671631d4,0XF70CA1F1A9814804B7FDD46EF8095229A2B8699578B1C821DE46795D65A8504F,0XE369ED0C6E9BB2EACEB2790AF59484F3ADF14FD9FFE108FD794C4302671631D4
